Bolag;Koncept;Kommentar;Butiks nr;Namn;Butik / Enhet;Företag;Enhet;Organisationsnummer;Franchise;Gatuadress;Postnr;Postadress;Email-adress Butiks-/SM-chef;Butikschef (BC);Telefon butik;BC Telefon;Mobil;Direktör Försäljning;Försäljningschef;Marknadsområde;Distriktschef (DC);Distrikt;K Ställe;Namn2;Gamla butiksnummer;Säljplan;Säk, kval & Arbetsmiljö samordnare;Kommun;HR Generalist;Bemanningsspecialist;Site-ID
Coop Östra;Coop;;36961;Almunge;Coop Almunge;0005;01;556030-5921;;Almungevägen 218;741 72;Almunge;Almunge.bc@coop.se;Kim Fredriksson;010-741 27 60;010-741 27 61;;Kerim Nielsen;Misak Yazdi;Nord 5;Caroline Gudmundsson;VH Nord 5;036961;Almunge;;Coop Närhandel;Mikaela Norrman;Uppsala;Jenny Halldin;Anna Rydmark;1140
Coop Östra;Coop;;36001;Alsike;Coop Alsike;0005;01;556030-5921;;Dammgatan 54;741 47;Knivsta;alsike.bc@coop.se;Peter Jansson;;010-745 03 91;073-077 62 89;Kerim Nielsen;Misak Yazdi;Nord 5;Caroline Gudmundsson;VH Nord 5;036001;Alsike;;Coop  ;Mikaela Norrman;Knivsta;Jenny Halldin;Anna Rydmark;1133
Coop Östra;X:tra;;16712;Aspudden;X:-tra Aspudden;0005;01;556030-5921;;Hägerstensvägen 166;126 53;Hägersten; aspudden.bc@coop.se;Pontus Lindberg;010-746 46 10;010-746 46 11;;Kerim Nielsen;Misak Yazdi;Nord 2;Tf Ismail Lalami;VH Nord 2 ;016712;Aspudden;216620;X:-tra;Mikaela Norrman;Stockholm;Mikaela Norrman;Anna Rydmark;4280
Coop Östra;Coop;;16036;Bagarmossen;Coop Bagarmossen;0005;01;556030-5921;;Svartågatan 7;128 45;Bagarmossen;Bagarmossen.bc@coop.se;Tf Louise Hesselgren Larsson;010-741 75 10;010-741 75 11;076 126 52 75;Kerim Nielsen;Misak Yazdi;Syd 4;Siri Karlsen;VH Syd 4;016036;Bagarmossen;;Coop  ;Joakim Ytterström;Stockholm;Mikaela Norrman;Jessica Carlsson;1042
Coop Östra;Coop ;;26816;Barkarby ;Coop Barkarby;5003;41;559198-3589;x;Jaktplan 1;175 63;Järfälla;Barkarby.bc@coop.se;Mikael Lander;010-741 72 60;010-741 72 61;;Kerim Nielsen;Misak Yazdi;Nord 4;Tf Kenneth Kyobe;VH Nord 4;026816;Barkarby ;;Coop Närhandel  ;Mikaela Norrman;Järfälla;Jenny Halldin;Elin Kronqvist;1107
Coop Östra;Coop;;16252;Bergshamra;Coop Bergshamra;5003;20;559504-6821;x;Rådjursstigen 3-5;170 76;Solna;Bergshamra.bc@coop.se;Stefan Lindberg;010-741 71 30;010-741 71 32 ;;Kerim Nielsen;Misak Yazdi;Nord 3;Michaela Andersson;VH Nord 3 ;016252;Bergshamra;;Coop Närhandel;Joakim Ytterström;Solna Stad;My Jonsson;Elin Kronqvist;1080
Coop Östra;Coop;;16016;Björkhagen;Coop Björkhagen;5002;01;559444-8069;x;Halmstadsvägen 37;121 53;Johanneshov;Bjorkhagen.bc@coop.se;Erik Kekonius;010-741 78 90;010-741 78 91;;Kerim Nielsen;Misak Yazdi;Syd 4;Siri Karlsen;VH Syd 4;016016;Björkhagen;;Coop Närhandel  ;Joakim Ytterström;Stockholm;Mikaela Norrman;Jessica Carlsson;1027
Coop Östra;Coop ;;30570;Björnboda;Coop Björnboda;0005;01;556030-5921;;Box 6053,  Björnmossevägen 5;162 06;Vällingby;bjornboda.bc@coop.se;Cindy Herrstedt;010-741 92 80;010-741-92 81;;Kerim Nielsen;Misak Yazdi;Nord 4;Tf Kenneth Kyobe;VH Nord 4;030570;Björnboda;;Coop Närhandel  ;Mikaela Norrman;Stockholm;Jenny Halldin;Elin Kronqvist;1121
Coop Östra;Coop;;16096;Bondegatan ;Coop Bondegatan;5003;95;559280-2929;x;Bondegatan 65-67;116 34;Stockholm;Bondegatan.bc@coop.se;Tord Wall;010-741 81 30;010-741 81 31;;Kerim Nielsen;Misak Yazdi;Nord 3;Michaela Andersson;VH Nord 3 ;016096;Bondegatan Sthlm;;Coop Närhandel  ;Michael Sandelin;Stockholm;My Jonsson;Elin Kronqvist;1056
Coop Östra;Coop ;;55000;Boxholm  ;Coop Boxholm;5002;33;559527-0975;x;Storgatan 12;595 70;Boxholm;Boxholm.bc@coop.se;Emma Griffin;010-741 57 40 ;010-741 57 41;072-709 82 03;Kerim Nielsen;Misak Yazdi;Syd 2;Alexander Schoug;VH Syd 2;055000;Boxholm  ;;Coop  ;Anna Fredberg;Boxholm;;Josefine Wiberg Malmström;1144
Coop Östra;Coop;;26500;Bredden;Coop Bredden;0005;01;556030-5921;;Kanalvägen 1B;194 61;Upplands Väsby;bredden.bc@coop.se;Helena Hamrin;010-745 02 90;010-745 02 91;;Kerim Nielsen;Misak Yazdi;Nord 5;Caroline Gudmundsson;VH Nord 5;026500;Bredden;;Coop  ;Mikaela Norrman;Upplands Väsby;Jenny Halldin;Anna Rydmark;1703
Coop Östra;Coop;;16029;Brommaplan;Coop Brommaplan;5003;29;559388-6400;x;Klädesvägen 12-14;168 76;Bromma;Brommaplan.bc@coop.se;Jari Saaronen;010-741 69 95;010-741 69 99;;Kerim Nielsen;Misak Yazdi;Nord 4;Tf Kenneth Kyobe;VH Nord 4;016029;Brommaplan;;Coop Närhandel;Mikaela Norrman;Stockholm;Jenny Halldin;Elin Kronqvist;1037
Coop Östra;Coop ;;16205;Bromsten ;Coop Bromsten;0005;01;559578-4645;x;Duvbovägen 107;163 40;Spånga;Bromsten.bc@coop.se;André Da Silva Paulo ;010-741 74 80;010-741 74 81;;Kerim Nielsen;Misak Yazdi;Nord 4;Tf Kenneth Kyobe;VH Nord 4;016205;Bromsten ;;Coop Närhandel;Mikaela Norrman;Stockholm;Jenny Halldin;Elin Kronqvist;1077
Coop Östra;Coop;;56214;Bråddgatan;Coop Bråddgatan;0005;01;556030-5921;;Bråddgatan 30;602 22;Norrköping;braddgatan.bc@coop.se;Lucas Wikander;010-746 42 80;010-746 42 81;072-468 51 37;Kerim Nielsen;Misak Yazdi;Syd 1;Simon Thell;VH Syd 1;056214;Bråddgatan;216587;Coop Närhandel;Marie Elg;Norrköping;;Josefine Wiberg Malmström;4222
Coop Östra;Coop;;26828;Bålsta;Coop Bålsta;0005;01;556030-5921;;Centrumstråket 6;746 32;Bålsta;balsta.bc@coop.se;Kajsa Henriksson;010-746 46 30;010-746 46 31;073-343 87 37;Kerim Nielsen;Misak Yazdi;Nord 4;Tf Kenneth Kyobe;VH Nord 4;026828;Bålsta;;Coop;Mikaela Norrman;Håbo;Jenny Halldin;Elin Kronqvist;1701
Coop Östra;Coop ;;36910;Centralhuset;Coop Centralhuset;0005;01;556030-5921;;Stationsgatan 14;753 40;Uppsala;centralhuset.bc@coop.se;Christian Håkansson;010-741 84 70;010-741 84 71;;Kerim Nielsen;Misak Yazdi;Nord 5;Caroline Gudmundsson;VH Nord 5;036910;Centralhuset;;Coop Närhandel;Joakim Ytterström;Uppsala;Jenny Halldin;Anna Rydmark;1136
Coop Östra;Coop;;16197;Centralstation ;Coop Centralstation;0005;01;556030-5921;;Centralplan 1;111 20;Stockholm;bc.tcentralen@coop.se;Karin Jonsson;010-741 98 70;010-741 98 71;;Kerim Nielsen;Misak Yazdi;Nord 1;Helena Wahlsten;VH Nord 1;016197;Centralstation ;;Coop Närhandel;Mikaela Norrman;Stockholm;Jenny Halldin;Anna Rydmark;1075
Coop Östra;Coop;;35000;Daglivs;Coop Daglivs;0005;01;556030-5921;;S:t Eriksgatan 34-38;112 34;Stockholm;daglivs.bc@coop.se;Markus Lindgren;010-741 97 00;010-741 97 01;;Kerim Nielsen;Niclas Ahlund;Norr  ;;SH Norr;035000;Daglivs;;Coop  ;Michael Sandelin;Stockholm;Mikaela Norrman;Jessica Carlsson;1125
Coop Östra;Coop;;16178;Djursholm;Coop Djursholm;5002;17;559246-5701;x;Vendevägen 13;182 61;Djursholm;Djursholm.bc@coop.se;Robert Mogelid;010-741 71 00;010-741 71 01;;Kerim Nielsen;Misak Yazdi;Nord 1;Helena Wahlsten;VH Nord 1;016178;Djursholm;;Coop Närhandel;Mikaela Norrman;Danderyd;Jenny Halldin;Anna Rydmark;1072
Coop Östra;Coop;;56218;Domino;Coop Domino;0005;01;556030-5921;;Repslagaregatan 14;602 32 ;Norrköping;domino.bc@coop.se;Tf Efstratia Asiki;010-746 43 20;010-746 43 21;072-468 51 40;Kerim Nielsen;Misak Yazdi;Syd 2;Alexander Schoug;VH Syd 2;056218;Domino;216591;Coop Närhandel;Marie Elg;Norrköping;;Josefine Wiberg Malmström;4278
Coop Östra;Coop;;56211;Drottninggatan Linköping;Coop Drottninggatan Linköping;0005;01;556030-5921;;Drottninggatan 23;582 25;Linköping;drottninggatanlinkoping.bc@coop.se;Ahmad Habbouchi;010-746 42 50;;076-798 23 57;Kerim Nielsen;Misak Yazdi;Syd 2;Alexander Schoug;VH Syd 2;056211;Drottninggatan Linköping;216584;Coop Närhandel;Marie Elg;Linköping;;Josefine Wiberg Malmström;4107
Coop Östra;Coop ;;36906;Ekeby Uppsala;Coop Ekeby Uppsala;0005;01;556030-5921;;Köpenhamnsg 2-4;752 64;Uppsala;Ekeby.bc@coop.se;Jakob Eriksson;010-741 25 70;010-741 25 71;;Kerim Nielsen;Misak Yazdi;Nord 5;Caroline Gudmundsson;VH Nord 5;036906;Ekeby Uppsala;;Coop Närhandel;;Uppsala;Jenny Halldin;Anna Rydmark;1135
Coop Östra;Coop;;30571;Engströms Livs;Coop Engströms Livs;5002;19;559262-8316;x;Nockeby Torg;167 74 ;Bromma;engstroms.bc@coop.se;Mattias Berglund;010-741 89 80;010-741 89 81;073-058 15 67;Kerim Nielsen;Misak Yazdi;Nord 2;Tf Ismail Lalami;VH Nord 2 ;030571;Engströms Livs;;Coop Närhandel;Michael Sandelin;Stockholm;Mikaela Norrman;Anna Rydmark;1122
Coop Östra;Coop;;16058;Erik Dahlbergsgatan;Coop Erik Dahlbergsgatan;5003;87;559277-5513;x;Erik Dahlbergsgatan 27;115 32;Stockholm;ErikDahlbergsgatan.bc@coop.se;Peter Varo;010-741 80 90;010-741 80 91;;Kerim Nielsen;Misak Yazdi;Nord 1;Helena Wahlsten;VH Nord 1;016058;Erik Dahlbergsgatan;;Coop Närhandel;Mikaela Norrman;Stockholm;Jenny Halldin;Anna Rydmark;1049
Coop Östra;Coop;;186130;Eskilstunavägen Torshälla;Coop Eskilstunavägen Torshälla;0005;01;556030-5921;;Eskilstunavägen 32;644 30 ;Torshälla;eskilstunavagentorshalla.bc@coop.se;Felix Nyzell;010-746 44 80;010-746 44 81;072-465 99 82;Kerim Nielsen;Misak Yazdi;Syd 5;Per Wernqvist;VH Syd 5;186130;Eskilstunavägen Torshälla;216607;Coop;Anna Fredberg;Eskilstuna;;Jessica Carlsson;4257
Coop Östra;Coop;;16198;Essingen  ;Coop Essingen;5002;19;559262-8316;x;Badstrandsvägen 28;112 65;Stockholm;Essingen.bc@coop.se;Martin Jarstål;010-741 84 90;010-741 84 91; ;Kerim Nielsen;Misak Yazdi;Nord 2;Tf Ismail Lalami;VH Nord 2 ;016198;Essingen  ;;Coop Närhandel;Mikaela Norrman;Stockholm;Mikaela Norrman;Anna Rydmark;1076
Coop Östra;Coop ;;16208;Farmarstigen ;Coop Farmarstigen;5002;30;559542-4937;x;Kyndelgränd 1;135 36;Tyresö;Farmarstigen.bc@coop.se;TF Joakim Blixt;010- 741 76 02;010-741 75 51;;Kerim Nielsen;Misak Yazdi;Syd 4;Siri Karlsen;VH Syd 4;016208;Farmarstigen ;;Coop Närhandel;Joakim Ytterström;Tyresö;Mikaela Norrman;Jessica Carlsson;1078
Coop Östra;Coop;;15420;Farsta ;Coop Farsta ;5002;10;559246-3391;x;Farsta Plan 21-27;123 47;Farsta;FarstaC.bc@coop.se;Tomas Tvärnstedt;010-741 80 40;010-741 80 41;;Kerim Nielsen;Misak Yazdi;Syd 3;Therese Eklund;VH Syd 3;015420;Farsta C;;Coop  ;Marie Elg;Stockholm;My Jonsson;Jessica Carlsson;1016
Coop Östra;Coop;;16028;Farsta Strand ;Coop Farsta Strand;0005;01;556030-5921;;Farsta Strandplan 15;123 71;Farsta;FarstaStrand.bc@coop.se;Helena Eriksson;010-741 78 30;010-741 78 31;;Kerim Nielsen;Misak Yazdi;Syd 3;Therese Eklund;VH Syd 3;016028;Farsta Strand ;;Coop Närhandel;Joakim Ytterström;Stockholm;My Jonsson;Jessica Carlsson;1036
Coop Östra;Coop;;16034;Finn Malmgren;Coop Finn Malmgren;0005;01;556030-5921;;Finn Malmgrens v. 11;121 38;Johanneshov;FinnMalmgren.bc@coop.se;Sinisa Simic;010-741 79 00;010-741 79 01;;Kerim Nielsen;Misak Yazdi;Nord 3;Michaela Andersson;VH Nord 3 ;016034;Finn Malmgren;;Coop Närhandel  ;Joakim Ytterström;Stockholm;My Jonsson;Elin Kronqvist;1041
Coop Östra;Coop ;;16100;Folkparken;Coop Folkparken;5002;58;559546-4628;x;Erik Dahlbergs väg 21;152 40;Södertälje;Folkparken.bc@coop.se;Jonathan Zwenger;010-741 90 30;010-741 90 31;;Kerim Nielsen;Misak Yazdi;Syd 3;Therese Eklund;VH Syd 3;016100;Folkparken;;Coop  ;Joakim Ytterström;Södertälje;My Jonsson;Jessica Carlsson;1057
Coop Östra;Coop ;;16015;Fruängen;Coop Fruängen;5002;31;559178-4839;x;Fruängsgången 3;129 52;Hägersten;Fruangen.bc@coop.se;Nathalie Kyrk ;010-741 76 90;010-741 76 91;;Kerim Nielsen;Misak Yazdi;Syd 3;Therese Eklund;VH Syd 3;016015;Fruängen;;Coop  ;Marie Elg;Stockholm;My Jonsson;Jessica Carlsson;1026
Coop Östra;Coop;;16060;Karlavägen Garnisonen;Coop Karlavägen Garnisonen;5003;64;559221-5437;x;Karlavägen 102;115 26;Stockholm;Karlavagen.bc@coop.se;Jan Poznic;010-741 82 50;010-741 82 51;;Kerim Nielsen;Misak Yazdi;Nord 1;Helena Wahlsten;VH Nord 1;016060;Garnisonen;;Coop Närhandel;Mikaela Norrman;Stockholm;Jenny Halldin;Anna Rydmark;1050
Coop Östra;Coop ;;15270;Gnesta;Coop Gnesta;5002;15;559254-3358;x;V:a Storgatan 1;646 31;Gnesta;Gnesta.bc@coop.se;Elin Chalkias;010-741 43 80;076-118 07 34;;Kerim Nielsen;Misak Yazdi;Syd 1;Simon Thell;VH Syd 1;015270;Gnesta;;Coop  ;Joakim Ytterström;Gnesta;;Josefine Wiberg Malmström;1009
Coop Östra;Coop;;16272;Grindsgatan;Coop Grindsgatan;0005;01;556030-5921;;Grindsgatan 50;118 57;Stockholm;Grindsgatan.bc@coop.se;Björn Stiberg;010-741 79 50;010-741 79 51;765 555 850;Kerim Nielsen;Misak Yazdi;Nord 3;Michaela Andersson;VH Nord 3 ;016272;Grindsgatan;;Coop Närhandel;Joakim Ytterström;Stockholm;My Jonsson;Elin Kronqvist;1085
Coop Östra;Coop;;36965;Grindvägen;Coop Grindvägen;5003;08;559169-9235;x;Timotejgatan 2;761 62;Norrtälje;Grindvagen.bc@coop.se;Mikael Ringstedt;010-741 24 50;010-741 24 51;;Kerim Nielsen;Misak Yazdi;Nord 5;Caroline Gudmundsson;VH Nord 5;036965;Grindvägen;;Coop Närhandel;Mikaela Norrman;Norrtälje;Jenny Halldin;Anna Rydmark;1141
Coop Östra;Coop;;15050;Gröndal;Coop Gröndal;5003;35;556569–9955;x;Gröndalsvägen 36;117 66;Stockholm;Grondal.bc@coop.se;Niklas Lekander;010-741 79 70;010-741 79 71;;Kerim Nielsen;Misak Yazdi;Nord 2;Tf Ismail Lalami;VH Nord 2 ;015050;Gröndal;;Coop Närhandel;Marie Elg;Stockholm;Mikaela Norrman;Anna Rydmark;1003
Coop Östra;Coop;;16077;Gubbängen;Coop Gubbängen;5003;53;559025-3745;x;Lingvägen 104;122 45;Enskede;gubbangen.bc@coop.se;David Rudbo;010-741 90 80;010-741 90 81; ;Kerim Nielsen;Misak Yazdi;Syd 3;Therese Eklund;VH Syd 3;016077;Gubbängen;;Coop  ;Joakim Ytterström;Stockholm;My Jonsson;Jessica Carlsson;1052
Coop Östra;Coop;;16505;Gustavsberg;Coop Gustavsberg;5002;97;556712-8706;x;Gustavsbergs Centrum;134 30;Gustavsberg;Gustavsberg.bc@coop.se;Mattias Astborn;010-741 44 40;010-741 44 43;;Kerim Nielsen;Misak Yazdi;Nord 3;Michaela Andersson;VH Nord 3 ;016505;Gustavsberg;;Coop  ;Joakim Ytterström;Värmdö;My Jonsson;Elin Kronqvist;1089
Coop Östra;Coop;;16041;Hagastaden;Coop Hagastaden;0005;01;556030-5921;;Hälsingegatan 57-59;113 66;Stockholm;hagastaden.bc@coop.se;Maria Ytter;010-741 99 50;010-741 99 51;;Kerim Nielsen;Misak Yazdi;Nord 1;Helena Wahlsten;VH Nord 1;016041;Hagastaden;;Coop Närhandel;Michael Sandelin;Stockholm;Jenny Halldin;Anna Rydmark;1692
Coop Östra;Coop ;;35470;Hallstavik;Coop Hallstavik;5003;08;559169-9235;x;Gottstavägen6;763 41;Hallstavik;hallstavik.bc@coop.se;Mikael Ringstedt;010-741  24 10;010-741 24 11;;Kerim Nielsen;Misak Yazdi;Nord 5;Caroline Gudmundsson;VH Nord 5;035470;Hallstavik;;Coop  ;Mikaela Norrman;Norrtälje;Jenny Halldin;Anna Rydmark;1130
Coop Östra;Coop;;16030;Hammarby Sjöstad;Coop Hammarby Sjöstad;0005;01;556030-5921;;Lugnets allé 21;120 65;Stockholm;Hammarby.bc@coop.se;Therese Sandberg;010-741 80 20;010-741 80 21;;Kerim Nielsen;Misak Yazdi;Nord 3;Michaela Andersson;VH Nord 3 ;016030;Hammarby Sjöstad;;Coop Närhandel;Michael Sandelin;Stockholm;My Jonsson;Elin Kronqvist;1038
Coop Östra;Coop;;16039;Haningeterrassen;Coop Haningeterrassen;0005;01;556030-5921;;Nynäsvägen 84;136 35;Haninge;haningeterrassen.bc@coop.se;Jonathan Tapia;010-745 03 80;010-745 03 81;073 - 077 58 79;Kerim Nielsen;Misak Yazdi;Syd 4;Siri Karlsen;VH Syd 4;016039;Haningeterrassen;;Coop Närhandel;Joakim Ytterström;Haninge;Mikaela Norrman;Jessica Carlsson;1045
Coop Östra;Coop;;56075;Hantverkaregatan;Coop Hantverkaregatan;5002;75;556622-0306;x;Hantverkaregatan 74;602 29;Norrköping;Hantverkaregatan.bc@coop.se;Jonny Eriksson;010-741 48 80;010-741 48 82;072-709 83 02;Kerim Nielsen;Misak Yazdi;Syd 1;Simon Thell;VH Syd 1;056075;Hantverkaregatan;;Coop Närhandel;Marie Elg;Norrköping;;Josefine Wiberg Malmström;1157
Coop Östra;Coop;;26707;Hemmesta ;Coop Hemmesta;5003;46;556988-7358;x;Hemmesta centrum, Box 64;139 22;Värmdö;Hemmesta.bc@coop.se;Tobias Elgström;010-741 75 80;010-741 75 81;070-289 77 26;Kerim Nielsen;Misak Yazdi;Nord 3;Michaela Andersson;VH Nord 3 ;026707;Hemmesta ;;Coop  ;Joakim Ytterström;Värmdö;My Jonsson;Elin Kronqvist;1099
Coop Östra;Coop ;;185360;Hälleforsnäs;Coop Hälleforsnäs;5002;59;556562-7352;x;Celsings Allé 13;648 31;Hälleforsnäs;Halleforsnas.bc@coop.se;Ove Gustafsson;010-741 45 70;010-741 45 71;072-709 84 63;Kerim Nielsen;Misak Yazdi;Syd 5;Per Wernqvist;VH Syd 5;185360;Hälleforsnäs;;Coop Närhandel;Anna Fredberg;Flen;;Jessica Carlsson;1461
Coop Östra;Coop;;15120;Högdalen;Coop Högdalen;0005;01;556030-5921;;Högdalsgången 19;124 54;Bandhagen;Hogdalen.bc@coop.se;Pernilla Weinfors;010-741 78 60;010-741 78 61;;Kerim Nielsen;Misak Yazdi;Syd 3;Therese Eklund;VH Syd 3;015120;Högdalen;;Coop  ;Joakim Ytterström;Stockholm;My Jonsson;Jessica Carlsson;1005
Coop Östra;Coop;;186195;Högsjö;Coop Högsjö;5002;04;559368-1678;x;Hästhagsvägen 2;640 10;Högsjö;Hogsjo.bc@coop.se;Tf Sandra Melin;010-741 45 80;010-741 45 81;072-709 84 60;Kerim Nielsen;Misak Yazdi;Syd 5;Per Wernqvist;VH Syd 5;186195;Högsjö;;Coop Närhandel;Anna Fredberg;Vingåker;;Jessica Carlsson;1463
Coop Östra;Coop;;16764;Hölö;Coop Hölö;0005;01;556030-5921;;Centralvägen 11;153 71;Hölö;Holo.bc@coop.se;Kristina Bernhardsson;010-741 82 80;010-741 82 81;;Kerim Nielsen;Misak Yazdi;Syd 1;Simon Thell;VH Syd 1;016764;Hölö;;Coop Närhandel  ;Joakim Ytterström;Södertälje;;Josefine Wiberg Malmström;1090
Coop Östra;Coop ;;16027;Hötorget ;Coop Hötorget;0005;01;556030-5921;;T-station Hötorget X-et;111 57;Stockholm;hotorget.bc@coop.se;TF Melvin Nilsson;010-745 02 10;010-745 02 11;072-526 75 30;Kerim Nielsen;Misak Yazdi;Nord 1;Helena Wahlsten;VH Nord 1;016027;Hötorget ;;Coop Närhandel;Mikaela Norrman;Stockholm;Jenny Halldin;Anna Rydmark;1035
Coop Östra;Coop;;15330;Järna;Coop Järna;5003;98;556853-8937;x;Löwens väg 2;153 36;Järna;Jarna.bc@coop.se;Jonas Johansson;010-741 73 40;010-741 73 41;;Kerim Nielsen;Misak Yazdi;Syd 3;Therese Eklund;VH Syd 3;015330;Järna;;Coop  ;Anna Fredberg;Södertälje;My Jonsson;Jessica Carlsson;1013
Coop Östra;Coop;;16176;Järntorget;Coop Järntorget;5003;13;556678-8021;x;Järntorget 80;111 29;Stockholm;Jarntorget.bc@coop.se;Björn Lekander;010-741 85 70;010-741 85 71;;Kerim Nielsen;Misak Yazdi;Nord 3;Michaela Andersson;VH Nord 3 ;016176;Järntorget;;Coop Närhandel;Mikaela Norrman;Stockholm;My Jonsson;Elin Kronqvist;1070
Coop Östra;Coop;;26827;Kallhäll;Coop Kallhäll;5003;57;559207-8751;x;Gjutarplan 20;176 71;Järfälla;KallhallC.bc@coop.se;Mats Hallin;010-741 69 80;010-741 69 81;;Kerim Nielsen;Misak Yazdi;Nord 4;Tf Kenneth Kyobe;VH Nord 4;026827;Kallhäll;;Coop Närhandel  ;Michael Sandelin;Järfälla;Jenny Halldin;Elin Kronqvist;1113
Coop Östra;Coop ;;55020;Kisa;Coop Kisa;0005;01;556030-5921;;Västra Vägen 1;590 40;Kisa  ;Kisa.bc@coop.se;Jennie Nelson;010-741 57 30 ;010-741 57 31;;Kerim Nielsen;Misak Yazdi;Syd 2;Alexander Schoug;VH Syd 2;055020;Kisa;;Coop  ;Marie Elg;Kinda;;Josefine Wiberg Malmström;1145
Coop Östra;Coop ;;16009;Kristineberg;Coop Kristineberg;5002;28;559545-1518;x;Hjalmar Söderbergs v.12;112 52;Stockholm;Kristineberg.bc@coop.se;Mattias Berglund;010-741 82 90;010-741 82 91;;Kerim Nielsen;Misak Yazdi;Nord 2;Tf Ismail Lalami;VH Nord 2 ;016009;Kristineberg;;Coop Närhandel;Mikaela Norrman;Stockholm;Mikaela Norrman;Anna Rydmark;1023
Coop Östra;Coop;;56100;Krokek;Coop Krokek;0005;01;556030-5921;;Sjöviksvägen 78;618 30;Kolmården;Krokek.bc@coop.se;Jonny Thaleman;010-741 47 00;010-741 47 01;072-709 84 11;Kerim Nielsen;Misak Yazdi;Syd 1;Simon Thell;VH Syd 1;056100;Krokek;;Coop  ;Anna Fredberg;Norrköping;;Josefine Wiberg Malmström;1161
Coop Östra;Coop;;26822;Kungsängen;Coop Kungsängen;0005;01;556030-5921;;Furuhällsplan 4-8;196 30;Kungsängen;KungsangenC.bc@coop.se;Tf Ali Ghasemi;010-741 67 90;010-741 67 91;;Kerim Nielsen;Misak Yazdi;Nord 4;Tf Kenneth Kyobe;VH Nord 4;026822;Kungsängen;;Coop Närhandel  ;Mikaela Norrman;Upplands Bro;Jenny Halldin;Elin Kronqvist;1110
Coop Östra;Coop;;181810;Kvarnen Katrineholm;Coop Kvarnen katrineholm;0005;01;556030-5921;;Köpmangatan 19;641 30;Katrineholm;Katrineholm.bc@coop.se;Veronica Rosenqvist;010-741 45 40;010-741 45 41;072-709 84 78;Kerim Nielsen;Misak Yazdi;Syd 5;Per Wernqvist;VH Syd 5;181810;Kvarnen Katrineholm;;Coop  ;Anna Fredberg;Katrineholm;;Jessica Carlsson;1450
Coop Östra;Coop;;16038;Kvarnholmen;Coop Kvarnholmen;0005;01;556030-5921;;Kvarnholmsvägen 92;131 31;Nacka;Kvarnholmen.bc@coop.se;Marie Westerström;010-741 29 80;072-206 88 57;;Kerim Nielsen;Misak Yazdi;Nord 3;Michaela Andersson;VH Nord 3 ;016038;Kvarnholmen;;Coop Närhandel;Joakim Ytterström;Nacka;My Jonsson;Elin Kronqvist;1044
Coop Östra;Coop ;;186234;Kyrkogatan;Coop Kyrkogatan;5002;69;556613-7484;x;Kyrkogatan 20-22;641 46;Katrineholm;Kyrkogatan.bc@coop.se;Kent Pihl;010-741 45 30;010-741 45 31;072-709 84 73;Kerim Nielsen;Misak Yazdi;Syd 5;Per Wernqvist;VH Syd 5;186234;Kyrkogatan;;Coop Närhandel;Anna Fredberg;Katrineholm;;Jessica Carlsson;1464
Coop Östra;Coop;;15070;Kärrtorp;Coop Kärrtorp;5003;52;556747-5396;x;Lågskärsvägen 15;121 55;Johanneshov;Karrtorp.bc@coop.se;Slavko Ilic;010-741 78 80;010-741 78 81;;Kerim Nielsen;Misak Yazdi;Syd 4;Siri Karlsen;VH Syd 4;015070;Kärrtorp;;Coop Närhandel;Joakim Ytterström;Stockholm;Mikaela Norrman;Jessica Carlsson;1004
Coop Östra;Coop;;56016;Lambohov;Coop Lambohov;5003;45;559189-3002;x;Tröskaregatan 33;583 33;Linköping;Lambohov.bc@coop.se;Tf Madeleine Engvall;010-741 50 60;010-741 50 61;072-709 82 00;Kerim Nielsen;Misak Yazdi;Syd 2;Alexander Schoug;VH Syd 2;056016;Lambohov;;Coop  ;Marie Elg;Linköping;;Josefine Wiberg Malmström;1152
Coop Östra;Coop;;36002;Liljegatan;Coop Liljegatan;0005;01;556030-5921;;Liljegatan 1;753 24;Uppsala;liljegatan.bc@coop.se;Aron Sörsäter;010-741 25 40;010-741 25 41;073-055 39 04;Kerim Nielsen;Misak Yazdi;Nord 5;Caroline Gudmundsson;VH Nord 5;036002;Liljegatan;;Coop Närhandel;Michael Sandelin;Uppsala;Jenny Halldin;Anna Rydmark;1693
Coop Östra;Coop;;16090;Liljeholmen;Coop Liljeholmen;0005;01;556030-5921;;Liljeholmstorget 82;117 61;Stockholm;Liljeholmen.bc@coop.se;Karl von Unge;010-741 23 90;010-741 23 95;;Kerim Nielsen;Misak Yazdi;Nord 2;Tf Ismail Lalami;VH Nord 2 ;016090;Liljeholmen;;Coop Närhandel  ;Mikaela Norrman;Stockholm;Mikaela Norrman;Anna Rydmark;1055
Coop Östra;Coop;;56030;Motala Linden;Coop Linden Motala;0005;01;556030-5921;;Källgatan 1;591 35;Motala;LindenMotala.bc@coop.se;Helena Johansson ;010-743 50 60;010-743 50 61;073-802 47 06;Kerim Nielsen;Misak Yazdi;Syd 2;Alexander Schoug;VH Syd 2;056030;Motala Linden;;Coop;Anna Fredberg;Motala;;Josefine Wiberg Malmström;1155
Coop Östra;Coop;;56020;Lägerhyddan;Coop Lägerhyddan;0005;01;556030-5921;;Rekrytgatan 5;582 14;Linköping;Lagerhyddan.bc@coop.se;Camilla Hjelte;010-741 50 80;010-741 50 81;072-709 81 89;Kerim Nielsen;Misak Yazdi;Syd 2;Alexander Schoug;VH Syd 2;056020;Lägerhyddan;;Coop  ;Marie Elg;Linköping;;Josefine Wiberg Malmström;1154
Coop Östra;Coop;;185380;Malmköping;Coop Malmköping;0005;01;556030-5921;;Källgatan 8;642 60;Malmköping;Malmkoping.bc@coop.se;Thomas Nyström;010-741 44 60;010-741 44 61;072-724 10 10;Kerim Nielsen;Misak Yazdi;Syd 5;Per Wernqvist;VH Syd 5;185380;Malmköping;;Coop  ;Anna Fredberg;Flen;;Jessica Carlsson;1462
Coop Östra;Coop;;16018;Mariatorget;Coop Mariatorget;5003;27;556684-6860;x;Hornsgatan 54;118 21;Stockholm;Mariatorget.bc@coop.se;Danko Ilic;010-741 79 60;010-741 79 61;;Kerim Nielsen;Misak Yazdi;Nord 3;Michaela Andersson;VH Nord 3 ;016018;Mariatorget;;Coop Närhandel  ;Joakim Ytterström;Stockholm;My Jonsson;Elin Kronqvist;1028
Coop Östra;Coop;;186489;Mariefred;Coop Mariefred;0005;01;556030-5921;;Ruddammsgatan 2;647 30;Mariefred;Mariefred.bc@coop.se;Caroline Hellkvist;010-741 43 70;010-741 43 71;072-724 10 48;Kerim Nielsen;Misak Yazdi;Syd 5;Per Wernqvist;VH Syd 5;186489;Mariefred;;Coop  ;Anna Fredberg;Strängnäs;;Jessica Carlsson;1468
Coop Östra;Coop;;16730;Matboden;Coop Matboden;0005;01;556030-5921;;Ektorpsvägen 4;131 42 ;Nacka;matboden.bc@coop.se;Susanne Engelbrektsson;010-743 50 80;010-743 50 81;0707267973;Kerim Nielsen;Misak Yazdi;Nord 3;Michaela Andersson;VH Nord 3 ;016730;Matboden;;;Michael Sandelin;Nacka;My Jonsson;Elin Kronqvist;1780
Coop Östra;Coop;;16032;Medborgarplatsen ;Coop Medborgarplatsen;0005;01;556030-5921;;Fatburstrappan 18;118 26;Stockholm;medborgarplatsen.bc@coop.se;Aynur Arras;010-741 88 60;010-741 88 61;;Kerim Nielsen;Misak Yazdi;Nord 2;Tf Ismail Lalami;VH Nord 2 ;016032;Medborgarplatsen ;;Coop  ;Michael Sandelin;Stockholm;Mikaela Norrman;Anna Rydmark;1040
Coop Östra;Coop;;15040;Midsommarkransen ;Coop Midsommarkransen;5003;82;559246-4688;x;Svandammsvägen 20;126 34;Hägersten;Midsommarkransen.bc@coop.se;Madelen Sjögren/Linn Fagerholm;010-741 11 73;010-741 11 71;076-178 88 78;Kerim Nielsen;Misak Yazdi;Nord 2;Tf Ismail Lalami;VH Nord 2 ;015040;Midsommarkransen ;;Coop Närhandel;Mikaela Norrman;Stockholm;Mikaela Norrman;Anna Rydmark;1002
Coop Östra;Coop Mini;;16991;Mini Gåvsta;Coop Mini Gåvsta;0005;01;556030-5921;;Rasbo Prästgård;755 96;Uppsala;bolanderna.bc@coop.se;Peter Tägtström;010-741 28 20;010-741 28 21;;Kerim Nielsen;Samir Radjai;Fygitala;;Fygitala;016991;Mini Gåvsta;;;Mikaela Norrman;Uppsala;Alla;;1781
Coop Östra;Coop MIni;;16992;Mini Haninge;Coop Mini Haninge;0005;01;556030-5921;;Nynäsvägen 21;136 47 ;Handen;cfhandensmc@coop.se;Anders Westny;010-741 70 00;;;Kerim Nielsen;Linda-Li Cederroth;Syd;;SH Syd;016992;Mini Haninge;;;Mikaela Norrman;Haninge;;;1783
Coop Östra;Coop Mini;;16990;Mini Täby Park;Coop Mini Täby Park;0005;01;556030-5921;;Parkallén 3;183 79;Täby;danderyd.bc@coop.se;Johan Karlsson;010-741 90 00;;;Kerim Nielsen;Niclas Ahlund;Norr  ;;SH Norr;016990;Mini Täby Park;;;Joakim Ytterström;Täby;Mikaela Norrman;;1768
Coop Östra;Coop ;;16042;Minneberg;Coop Minneberg;5003;60;556704-3848;x;Svartviksslingan 98;167 39;Bromma;Minneberg.bc@coop.se;John Mildén;010-741 74 30;010-741 74 31;;Kerim Nielsen;Misak Yazdi;Nord 2;Tf Ismail Lalami;VH Nord 2 ;016042;Minneberg;;Coop Närhandel;Mikaela Norrman;Stockholm;Mikaela Norrman;Anna Rydmark;1047
Coop Östra;Coop;;56210;Mjölby;Coop Mjölby;0005;01;556030-5921;;Hallevadsgatan 2;595 35;Mjölby;mjolby.bc@coop.se;Sandra Jönsson;010-746 41 30;010-746 41 31;076 798 23 51;Kerim Nielsen;Misak Yazdi;Syd 2;Alexander Schoug;VH Syd 2;056210;Mjölby;216572;Coop;Anna Fredberg;Mjölby;;Josefine Wiberg Malmström;4176
Coop Östra;Coop ;;16297;Mälarhöjden;Coop Mälarhöjden;5003;88;559368-1462;x;Hägerstensvägen 331;129 41;Hägersten;Malarhojden.bc@coop.se;Andreas Schramm Rönnlund;010-741 75 30;010-741 75 31;;Kerim Nielsen;Misak Yazdi;Syd 3;Therese Eklund;VH Syd 3;016297;Mälarhöjden;;Coop Närhandel;Joakim Ytterström;Stockholm;My Jonsson;Jessica Carlsson;1087
Coop Östra;Coop;;16157;Norra Djurgårdsstaden ;Coop Norra Djurgårdsstaden;0005;01;556030-5921;;Bobergsgatan 53;115 47 ;Stockholm;djurgardsstaden.bc@coop.se;Terese Wirström;010-741 66 30;;076-128 95 89;Kerim Nielsen;Misak Yazdi;Nord 1;Helena Wahlsten;VH Nord 1;016157;Norra Djurgårdsstaden ;;Coop Närhandel;Mikaela Norrman;Stockholm;Jenny Halldin;Anna Rydmark;1067
Coop Östra;Coop;;16020;Norrtull;Coop Norrtull;0005;01;556030-5921;;Vanadisvägen 13;113  46;Stockholm;norrtull.bc@coop.se;Moa Eriksson;010-741 87 80;010-741 87 81;;Kerim Nielsen;Misak Yazdi;Nord 1;Helena Wahlsten;VH Nord 1;016020;Norrtull;;Coop Närhandel  ;Mikaela Norrman;Stockholm;Jenny Halldin;Anna Rydmark;1030
Coop Östra;Coop ;;15210;Nynäshamn;Coop Nynäshamn;5002;18;559246-5727;x;Centralgatan 11;149 32;Nynäshamn;Nynashamn.bc@coop.se;Niklas Tyni;010-741 74 50;010-741 74 51;;Kerim Nielsen;Misak Yazdi;Syd 4;Siri Karlsen;VH Syd 4;015210;Nynäshamn;;Coop  ;Joakim Ytterström;Nynäshamn;Mikaela Norrman;Jessica Carlsson;1007
Coop Östra;Coop;;16401;Nytorgsgatan;Coop Nytorgsgatan;5002;05;559456-0871;x;Nytorgsgatan 25;116 40;Stockholm;Nytorgsgatan.bc@coop.se;Johnny Johansson Rova;010-741 81 10;010-741 81 11;;Kerim Nielsen;Misak Yazdi;Nord 3;Michaela Andersson;VH Nord 3 ;016401;Nytorgsgatan;;Coop Närhandel;Joakim Ytterström;Stockholm;My Jonsson;Elin Kronqvist;1088
Coop Östra;Coop;;16115;Odengatan;Coop Odengatan;0005;01;556030-5921;;Odengatan 31;113 51;Stockholm;Odengatan.bc@coop.se;Aleksandar Andric;010-741 81 60;010-741 81 61;;Kerim Nielsen;Misak Yazdi;Nord 1;Helena Wahlsten;VH Nord 1;016115;Odengatan;;Coop Närhandel;Mikaela Norrman;Stockholm;Jenny Halldin;Anna Rydmark;1059
Coop Östra;Coop;;15010;Odenplan;Coop Odenplan;0005;01;556030-5921;;Odengatan 65;113 22;Stockholm;Odenplan.bc@coop.se;Petra Stenbeck;010-741 17 20;010-741 17 21;070-278 60 14;Kerim Nielsen;Misak Yazdi;Nord 1;Helena Wahlsten;VH Nord 1;015010;Odenplan;;Coop Närhandel;Mikaela Norrman;Stockholm;Jenny Halldin;Anna Rydmark;1001
Coop Östra;Online ;;730117;Coop Online Eskilstuna;Coop Online Eskilstuna;0005;01;556030-5921;;Albertina Nyströms väg 2;632 22;Eskilstuna;eskilstuna.online@coop.se;tf Josefin Jansson;010-741 46 39;;;Kerim Nielsen;Linda-Li Cederroth;Syd;;SH Syd;730117;Coop Online Eskilstuna;;;Anna Fredberg;Eskilstuna;;Josefine Wiberg Malmström;#SAKNAS!
Coop Östra;Coop;;56231;Oxelösund;Coop Oxelösund;0005;01;556030-5921;;Torggatan;613 30;Oxelösund;oxelosund.bc@coop.se;Linnea Johansson;010-746 45 90;010-746 45 91;076-798 23 69;Kerim Nielsen;Misak Yazdi;Syd 1;Simon Thell;VH Syd 1;056231;Oxelösund;216618;Coop;Joakim Ytterström;Oxelösund;;Josefine Wiberg Malmström;4208
Coop Östra;Coop ;;16296;Reimersholme;Coop Reimersholme;0005;01;556030-5921;;Reimersholmsgatan 35;117 40;Stockholm;Reimersholme.bc@coop.se;Tf Morteza Rezaye;010-741 79 80;010-741 79 81;;Kerim Nielsen;Misak Yazdi;Nord 2;Tf Ismail Lalami;VH Nord 2 ;016296;Reimersholme;;Coop Närhandel;Michael Sandelin;Stockholm;Mikaela Norrman;Anna Rydmark;1086
Coop Östra;Coop ;;16037;Renstiernasgata ;Coop Renstiernasgata;5002;05;559456-0871;x;Renstiernasgatan 27;116 31;Stockholm;renstiernasgata.bc@coop.se;Johnny Johansson Rova;010-745 01 50;010-745 01 51; ;Kerim Nielsen;Misak Yazdi;Nord 3;Michaela Andersson;VH Nord 3 ;016037;Renstiernasgata ;;Coop Närhandel;Joakim Ytterström;Stockholm;My Jonsson;Elin Kronqvist;1043
Coop Östra;Coop;;16177;Ribby;Coop Ribby;5002;34;559545–5642;X;Åkervägen 2 A;137 41;Västerhaninge;Ribby.bc@coop.se;Stefan Johansson;010-741 77 61;;;Kerim Nielsen;Misak Yazdi;Syd 4;Siri Karlsen;VH Syd 4;016177;Ribby;;Coop Närhandel;Joakim Ytterström;Haninge;Mikaela Norrman;Jessica Carlsson;1071
Coop Östra;Coop;;35450;Rimbo;Coop Rimbo;5002;11;556858-6969;x;Köpmannagatan 6-8;762 31;Rimbo;Rimbo.bc@coop.se;Jim Johansson;010-741 24 20;010-741 24 21;;Kerim Nielsen;Misak Yazdi;Nord 5;Caroline Gudmundsson;VH Nord 5;035450;Rimbo;;Coop  ;Mikaela Norrman;Rimbo;Jenny Halldin;Anna Rydmark;1129
Coop Östra;Coop ;;36917;Ringgatan ;Coop Ringgatan;5002;77;556797-8613;x;Ringgatan 31;752 17;Uppsala;Ringgatan.bc@coop.se;Roger Dahlberg;010-741 25 90;010-741 25 91;;Kerim Nielsen;Misak Yazdi;Nord 5;Caroline Gudmundsson;VH Nord 5;036917;Ringgatan ;;Coop Närhandel;Joakim Ytterström;Uppsala;Jenny Halldin;Anna Rydmark;1137
Coop Östra;Coop;;16083;Rådhuset;Coop Rådhuset;0005;01;556030-5921;;Kungsholmsgatan 22;112 27;Stockholm;Radhuset.bc@coop.se;Kenneth Wall;010-741 82 60;010-741 82 61;073- 614 08 10;Kerim Nielsen;Misak Yazdi;Nord 2;Tf Ismail Lalami;VH Nord 2 ;016083;Rådhuset;;Coop Närhandel  ;Marie Elg;Stockholm;Mikaela Norrman;Anna Rydmark;1053
Coop Östra;Coop;;16188;Råsundavägen;Coop Råsundavägen;5002;27;556030-5921;;Råsundavägen 163;169 36;Solna;Rasundavagen.bc@coop.se;Tf Moa Eriksson;010-741 72 40;010-741 72 45;070 718 71 18;Kerim Nielsen;Misak Yazdi;Nord 4;Tf Kenneth Kyobe;VH Nord 4;016188;Råsundavägen;;Coop Närhandel;Mikaela Norrman;Solna Stad;Jenny Halldin;Elin Kronqvist;1074
Coop Östra;Coop;;25750;Rönninge;Coop Rönninge;5003;70;559216-8107;x;Rönninge torg 7;144 61;Rönninge;Ronninge.bc@coop.se;Ninni Larsson;010-741 83 50;010-741 83 51;;Kerim Nielsen;Misak Yazdi;Syd 3;Therese Eklund;VH Syd 3;025750;Rönninge;;Coop  ;Joakim Ytterström;Salem;My Jonsson;Jessica Carlsson;1095
Coop Östra;Coop;;56000;Saluhallen Norrköping;Coop Saluhallen Norrköping;0005;01;556030-5921;;Hospitalsgatan 26;602 27;Norrköping;Saluhallen.bc@coop.se;Sarah Gustavsson;010-741 48 90;010-741 48 91;076 144 08 33;Kerim Nielsen;Misak Yazdi;Syd 2;Alexander Schoug;VH Syd 2;056000;Saluhallen Norrköping;;Coop  ;Marie Elg;Norrköping;;Josefine Wiberg Malmström;1150
Coop Östra;Coop ;;56072;Skarphagen;Coop Skarphagen;0005;01;556030-5921;;Skarphagsgatan 29;603 64;Norrköping;Skarphagen.bc@coop.se;Anna Lindebring;010-741 48 60;010 741 48 61;072-709 83 07;Kerim Nielsen;Misak Yazdi;Syd 1;Simon Thell;VH Syd 1;056072;Skarphagen;;Coop Närhandel;Marie Elg;Norrköping;;Josefine Wiberg Malmström;1156
Coop Östra;Coop;;16013;Skarpnäck ;Coop Skarpnäck;5002;32;559523-7750;x;Pilotgatan 18;128 32;Skarpnäck;Skarpnack.bc@coop.se;Jonny Rösäter;010-741 74 00;010-741 74 01;072-717 58 28;Kerim Nielsen;Misak Yazdi;Syd 4;Siri Karlsen;VH Syd 4;016013;Skarpnäck ;;Coop Närhandel;Joakim Ytterström;Stockholm;Mikaela Norrman;Jessica Carlsson;1025
Coop Östra;Coop;;16025;Skeppet;Coop Skeppet ;0005;01;556030-5921;;Friggavägen 26;181 21;Lidingö;lidingo.bc@coop.se;Joakim Andersson;010-741 93 00;010-741 93 01;;Kerim Nielsen;Misak Yazdi;Nord 1;Helena Wahlsten;VH Nord 1;016025;Skeppet;;Coop  ;Marie Elg;Lidingö;Jenny Halldin;Anna Rydmark;1033
Coop Östra;Coop ;;186457;Skogstorp  ;Coop Skogstorp;5002;47;556766-8503;x;Rosenforsvägen 9;633 69;Skogstorp;Skogstorp.bc@coop.se;Mikael Söderström;010-741 45 90;010-741 45 91;072-709 84 59;Kerim Nielsen;Misak Yazdi;Syd 5;Per Wernqvist;VH Syd 5;186457;Skogstorp  ;;Coop Närhandel;Anna Fredberg;Eskilstuna;;Jessica Carlsson;1466
Coop Östra;Coop;;16130;Sockenplan;Coop Sockenplan;0005;01;556030-5921;;Enskedevägen 89;122 38;Enskede;Sockenplan.bc@coop.se;Magnus Hillborg;010-741 79 30;010-741 79 31;076 126 51 62;Kerim Nielsen;Misak Yazdi;Syd 4;Siri Karlsen;VH Syd 4;016130;Sockenplan;;Coop Närhandel;Joakim Ytterström;Stockholm;Mikaela Norrman;Jessica Carlsson;1061
Coop Östra;Coop;;16225;Spånga Torg ;Coop Spånga Torg;0005;01;556030-5921;;Värsta Allé 4;163 53;Spånga;SpangaTorg.bc@coop.se;Tf Nemanja Stankovic;010-741 77 32;010-741 77 31;072-037 29 48;Kerim Nielsen;Misak Yazdi;Nord 4;Tf Kenneth Kyobe;VH Nord 4;016225;Spånga Torg ;;Coop Närhandel;Mikaela Norrman;Stockholm;Jenny Halldin;Elin Kronqvist;1079
Coop Östra;Coop ;;16172;Spångavägen ;Coop Spångavägen;5003;80;556949-7844;x;Spångavägen 311;163 46;Spånga;Spangavagen.bc@coop.se;Ulrika Andersson ;010-741 73 90;010-741 73 91;;Kerim Nielsen;Misak Yazdi;Nord 4;Tf Kenneth Kyobe;VH Nord 4;016172;Spångavägen ;;Coop Närhandel;Mikaela Norrman;Järfälla;Jenny Halldin;Elin Kronqvist;1069
Coop Östra;Coop;;16783;Spångbro;Coop Spångbro;5002;06;556659-6259;x;Spångbro;148 70;Sorunda;Spangbro.bc@coop.se;Helen Andersson;010-741 91  90;;;Kerim Nielsen;Misak Yazdi;Syd 4;Siri Karlsen;VH Syd 4;016783;Spångbro;;Coop Närhandel  ;Joakim Ytterström;Nynäshamn;Mikaela Norrman;Jessica Carlsson;1091
Coop Östra;Coop  ;;16144;Stamgatan ;Coop Stamgatan;5002;25;559553-2119;x;Stamgatan 4;125 74;Älvsjö;Stamgatan.bc@coop.se;Theodor Liljestrand;010-741 77 50;;070-5725176;Kerim Nielsen;Misak Yazdi;Syd 3;Therese Eklund;VH Syd 3;016144;Stamgatan ;;Coop Närhandel;Joakim Ytterström;Stockholm;My Jonsson;Jessica Carlsson;1065
Coop Östra;Coop;;55500;Stenbärsvägen Nyköping;Coop Stenbärsvägen Nyköping;0005;01;556030-5921;;Stenbärsvägen 8;611 38;Nyköping;nykoping.bc@coop.se;Felicia Cedgren;010-741 48 10;010-741 48 11;070-294 01 28;Kerim Nielsen;Misak Yazdi;Syd 3;Therese Eklund;VH Syd 3;055500;Stenbärsvägen Nyköping;;Coop ;Marie Elg;Nyköping;My Jonsson;Jessica Carlsson;1149
Coop Östra;Coop;;56215;Stockholmsvägen ;Coop Stockholmsvägen;0005;01;556030-5921;;Stockholmsvägen 52;602 17;Norrköping;stockholmsvagen.bc@coop.se;Emilia Schilling;010-746 42 90;010-746 42 91;072-468 51 49;Kerim Nielsen;Misak Yazdi;Syd 1;Simon Thell;VH Syd 1;056215;Stockholmsvägen ;216588;Coop Närhandel;Marie Elg;Norrköping;;Josefine Wiberg Malmström;4236
Coop Östra;Coop;;16110;Storgatan;Coop Storgatan;5003;33;556680-6161;x;Storgatan 27;114 55;Stockholm;Storgatan.bc@coop.se;Christian Hansson/Patrik Tvärnstedt;010-741 81 20;010-741 81 21;;Kerim Nielsen;Misak Yazdi;Nord 1;Helena Wahlsten;VH Nord 1;016110;Storgatan;;Coop Närhandel;Mikaela Norrman;Stockholm;Jenny Halldin;Anna Rydmark;1058
Coop Östra;Coop ;;16005;Storsjövägen;Coop Storsjövägen;5003;93;559540-1794;x;Siljanvägen 66;120 59;Årsta;storsjovagen.bc@coop.se;Tf Maximillian Fischer;010-741 79 40;010-741 79 41;;Kerim Nielsen;Misak Yazdi;Nord 2;Tf Ismail Lalami;VH Nord 2 ;016005;Storsjövägen;;Coop Närhandel;Mikaela Norrman;Stockholm;Mikaela Norrman;Anna Rydmark;1022
Coop Östra;Coop ;;36927;Storvreta ;Coop Storvreta;5003;96;559020-5877;x;Ärentunavägen 10;743 30;Stovreta;Storvreta.bc@coop.se;Sebouh Marachlian;010-741 26 80;010-741 26 81;;Kerim Nielsen;Misak Yazdi;Nord 5;Caroline Gudmundsson;VH Nord 5;036927;Storvreta ;;Coop  ;Joakim Ytterström;Uppsala;Jenny Halldin;Anna Rydmark;1139
Coop Östra;Coop ;;36905;Sunnersta ;Coop Sunnersta;5002;02;559443-5835;x;Sunnerstavägen 40;756 51;Uppsala;Sunnersta.bc@coop.se;Tore Byekwaso;010-741 24 90;010-741 24 92;073-268 27 90;Kerim Nielsen;Misak Yazdi;Nord 5;Caroline Gudmundsson;VH Nord 5;036905;Sunnersta ;;Coop Närhandel;Mikaela Norrman;Uppsala;Jenny Halldin;Anna Rydmark;1134
Coop Östra;Coop;;16264;Svandammsplan;Coop Svandammsplan;5003;67;559222-5451;x;Svandammsplan 4;126 37;Hägersten;Svandammsplan.bc@coop.se;Hakob Grigoryan;010-741 77 42;;070-734 63 51;Kerim Nielsen;Misak Yazdi;Nord 2;Tf Ismail Lalami;VH Nord 2 ;016264;Svandammsplan;;Coop Närhandel;Mikaela Norrman;Stockholm;Mikaela Norrman;Anna Rydmark;1083
Coop Östra;Coop;;183500;Sveaplan Eskilstuna;Coop Sveaplan Eskilstuna;0005;01;556030-5921;;Lundbladsvägen 6, Box 6044;630 06;Eskilstuna;Sveaplan.bc@coop.se;Anna Nagrell;010-741 46 60;010-741 46 61;072-709 84 22;Kerim Nielsen;Misak Yazdi;Syd 5;Per Wernqvist;VH Syd 5;183500;Sveaplan Eskilstuna;;Coop;Anna Fredberg;Eskilstuna;;Jessica Carlsson;1453
Coop Östra;Coop;;16260;Sveavägen;Coop Sveavägen;0005;01;556030-5921;;Sveavägen 70;111 34;Stockholm;Sveavagen.bc@coop.se;Linda Alm;010-741 83 70;010-741 83 71;;Kerim Nielsen;Misak Yazdi;Nord 1;Helena Wahlsten;VH Nord 1;016260;Sveavägen;;Coop Närhandel;Michael Sandelin;Stockholm;Jenny Halldin;Anna Rydmark;1082
Coop Östra;Coop ;;16140;Södertälje C   ;Coop Södertälje C;0005;01;556030-5921;;Storgatan 3-5;151 72;Södertälje;SodertaljeC.bc@coop.se;Linda Engstrand;010-741 78 47;010-741 78 41;;Kerim Nielsen;Misak Yazdi;Syd 3;Therese Eklund;VH Syd 3;016140;Södertälje C   ;;Coop  ;Marie Elg;Södertälje;My Jonsson;Jessica Carlsson;1063
Coop Östra;Coop;;16011;Södra Station;Coop Södra Station;0005;01;556030-5921;;Swedenborgsgatan 21;118 27;Stockholm;SodraStation.bc@coop.se;Elisabet Silow;010-741 79 90;010-741 79 94;;Kerim Nielsen;Misak Yazdi;Nord 2;Tf Ismail Lalami;VH Nord 2 ;016011;Södra Station;;Coop Närhandel;Mikaela Norrman;Stockholm;Mikaela Norrman;Anna Rydmark;1024
Coop Östra;Coop ;;26821;Tibble ;Coop Tibble;5003;03;559151-3428;x;Hjortronvägen 119;196 35;Kungsängen;Tibble.bc@coop.se;Zohreh Tehrani  ;010-741 68 80;010-741 68 81;;Kerim Nielsen;Misak Yazdi;Nord 4;Tf Kenneth Kyobe;VH Nord 4;026821;Tibble ;;Coop Närhandel  ;Mikaela Norrman;Upplands Bro;Jenny Halldin;Elin Kronqvist;1109
Coop Östra;Coop;;16086;Tomtebogatan;Coop Tomtebogatan;5002;29;559388-1914;x;Tomtebogatan 6;113 39;Stockholm;Tomtebogatan.bc@coop.se;Jesper di Corsi;010-741 81 51;;;Kerim Nielsen;Misak Yazdi;Nord 1;Helena Wahlsten;VH Nord 1;016086;Tomtebogatan;;Coop Närhandel  ;Mikaela Norrman;Stockholm;Jenny Halldin;Anna Rydmark;1054
Coop Östra;Coop ;;16026;Tranebergsvägen;Coop Tranebergsvägen;5003;60;556704-3848;x;Tranebergsvägen 126;167 45;Bromma;Tranebergsvagen.bc@coop.se;John Mildén;010-741 70 90;010-741 70 92;;Kerim Nielsen;Misak Yazdi;Nord 2;Tf Ismail Lalami;VH Nord 2 ;016026;Tranebergsvägen;;Coop Närhandel;Mikaela Norrman;Stockholm;Mikaela Norrman;Anna Rydmark;1034
Coop Östra;Coop;;186401;Triangeln Eskilstuna;Coop Triangeln Eskilstuna;0005;01;556030-5921;;Fridhemsgatan 1-3;633 58;Eskilstuna;TriangelnEskilstuna.bc@coop.se;Alejandro Valderas;010-741 46 00;010-741 46 01;072-709 84 53;Kerim Nielsen;Misak Yazdi;Syd 5;Per Wernqvist;VH Syd 5;186401;Triangeln Eskilstuna;;Coop  ;Anna Fredberg;Eskilstuna;;Jessica Carlsson;1465
Coop Östra;Coop;;55250;Trosa  ;Coop Trosa;5002;22;559306-2499;x;Torget;619 30;Trosa;Trosa.bc@coop.se;Adam Löfman;010-741 46 90;010-741 46 91;072-709 84 18;Kerim Nielsen;Misak Yazdi;Syd 1;Simon Thell;VH Syd 1;055250;Trosa  ;;Coop  ;Joakim Ytterström;Trosa;;Josefine Wiberg Malmström;1147
Coop Östra;Coop;;56090;Trozelligatan;Coop Trozelligatan;0005;01;556030-5921;;Trozelligatan 14;602 35;Norrköping;Trozelligatan.bc@coop.se;Dilan Dogan;010-741 48 72;010-741 48 72;072-709 83 05;Kerim Nielsen;Misak Yazdi;Syd 1;Simon Thell;VH Syd 1;056090;Trozelligatan;;Coop Närhandel;Marie Elg;Norrköping;;Josefine Wiberg Malmström;1159
Coop Östra;Coop ;;15280;Tungelsta  ;Coop Tungelsta;5002;09;559245-4028;x;Allévägen 7 B;137 56;Tungelsta;Tungelsta.bc@coop.se;Mona Nordvall;010-741 76 80;010-741 76 84;;Kerim Nielsen;Misak Yazdi;Syd 4;Siri Karlsen;VH Syd 4;015280;Tungelsta  ;;Coop  ;Joakim Ytterström;Haninge;Mikaela Norrman;Jessica Carlsson;1010
Coop Östra;Coop ;;30760;Tyresö Centrum;Coop Tyresö Centrum;0005;01;556030-5921;;Marknadsgränd 25;135 40;Tyresö;TyresoC.bc@coop.se;Robert Eliasson;010-741 86 30;010-741 86 31;;Kerim Nielsen;Misak Yazdi;Syd 3;Therese Eklund;VH Syd 3;030760;Tyresö Centrum;;Coop ;Marie Elg;Tyresö;My Jonsson;Jessica Carlsson;1123
Coop Östra;Coop;;30770;Tyresö Strand ;Coop Tyresö Strand;0005;01;556030-5921;;Strandtorget 2;135 63;Tyresö;tyresostrand.bc@coop.se;Tf Tommy Lundgren;010-741 92 53;010-741 92 51;070-519 88 02;Kerim Nielsen;Misak Yazdi;Syd 4;Siri Karlsen;VH Syd 4;030770;Tyresö Strand ;;Coop Närhandel;Joakim Ytterström;Tyresö;Mikaela Norrman;Jessica Carlsson;1124
Coop Östra;Coop;;56228;Tystberga;Coop Tystberga;5002;15;559577-1410;x;Stationsvägen 12;611 74;Tystberga;Tystberga.bc@coop.se;Alexander Chakias;010-741 48 40;010-741 48 41;072-709 83 14;Kerim Nielsen;Misak Yazdi;Syd 1;Simon Thell;VH Syd 1;056228;Tystberga;;Coop Närhandel;Joakim Ytterström;Nyköping;;Josefine Wiberg Malmström;1164
Coop Östra;Coop;;56212;Ullstämma;Coop Ullstämma;0005;01;556030-5921;;Bronsåldersgatan 2;589 51 ;Linköping;ullstamma.bc@coop.se;Emina Hercegovac;010-746 42 60;;070-267 32 64;Kerim Nielsen;Misak Yazdi;Syd 2;Alexander Schoug;VH Syd 2;056212;Ullstämma;216585;Coop   ;Marie Elg;Linköping;;Josefine Wiberg Malmström;4210
Coop Östra;Coop;;55300;Vadstena;Coop Vadstena;5003;40;559189-3507;x;Rådhustorget 2-4;592 30;Vadstena;Vadstena.bc@coop.se;Robert Pihl;010-741 51 90;010-741 51 91;072-709 82 15;Kerim Nielsen;Misak Yazdi;Syd 2;Alexander Schoug;VH Syd 2;055300;Vadstena;;Coop  ;Anna Fredberg;Vadstena;;Josefine Wiberg Malmström;1148
Coop Östra;Coop ;;56019;Vallaplan;Coop Vallaplan;5002;79;559368-1645;x;Malmslättsvägen;582 46;Linköping;Vallaplan.bc@coop.se;Marcus Rinnermark;010-741 50 70 ;010-741 50 71;072-709 81 92;Kerim Nielsen;Misak Yazdi;Syd 2;Alexander Schoug;VH Syd 2;056019;Vallaplan;;Coop Närhandel;Marie Elg;Linköping;;Josefine Wiberg Malmström;1153
Coop Östra;Coop ;;16159;Vasalund;Coop Vasalund;0005;01;556030-5921;;Södra Långgatan 27;169 59;Solna;Vasalund.bc@coop.se;Tf Sebastian Nilsson;010-741 71 90;010-741 71 91;;Kerim Nielsen;Misak Yazdi;Nord 3;Michaela Andersson;VH Nord 3 ;016159;Vasalund;;Coop Närhandel;Joakim Ytterström;Solna Stad;My Jonsson;Elin Kronqvist;1068
Coop Östra;Coop;;15300;Vaxholm;Coop Vaxholm;5003;38;559198-3555;x;Hamngatan 11;185 31;Vaxholm;Vaxholm.bc@coop.se;Jennica Rainsson;010-741 70 50;010-741 70 51;;Kerim Nielsen;Misak Yazdi;Nord 5;Caroline Gudmundsson;VH Nord 5;015300;Vaxholm;;Coop Närhandel  ;Michael Sandelin;Vaxholm;Jenny Halldin;Anna Rydmark;1011
Coop Östra;Coop;;26820;Veckovägen;Coop Veckovägen;5003;19;556754-8093;x;Veckovägen 1;177 62;Järfälla;Veckovagen.bc@coop.se;Christer Wermasson;010-741 69 70;010-741 69 71;;Kerim Nielsen;Misak Yazdi;Nord 4;Tf Kenneth Kyobe;VH Nord 4;026820;Veckovägen;;Coop Närhandel  ;Mikaela Norrman;Järfälla;Jenny Halldin;Elin Kronqvist;1108
Coop Östra;Coop;;16266;Vendelsömalm;Coop Vendelsömalm;5002;21;559557-0051;x;Tyrestavägen 4;136 68;Haninge;Vendelsomalm.bc@coop.se;Tf Robert Vargstrid;010-741 76 00;010-741 76 01;;Kerim Nielsen;Misak Yazdi;Syd 4;Siri Karlsen;VH Syd 4;016266;Vendelsömalm;;Coop Närhandel;Joakim Ytterström;Haninge;Mikaela Norrman;Jessica Carlsson;1084
Coop Östra;Coop;;185090;Vingåker;Coop Vingåker;5002;04;559368-1678;x;Storgatan  18-20;643 30;Vingåker;Vingaker.bc@coop.se;Sandra Melin;010-741 47 50;010-741 47 51;072-709 83 88;Kerim Nielsen;Misak Yazdi;Syd 5;Per Wernqvist;VH Syd 5;185090;Vingåker;;Coop  ;Anna Fredberg;Vingåker;;Jessica Carlsson;1457
Coop Östra;Coop;;186230;Vingåkersvägen Katrineholm;Coop Vingåkersvägen Katrineholm;0005;01;556030-5921;;Vingåkersvägen 69;641 51;Katrineholm;vingakersvagenkatrineholm.bc@coop.se;Marita Carlsson;010-746 45 10;010-746 45 11;072-468 51 33;Kerim Nielsen;Misak Yazdi;Syd 5;Per Wernqvist;VH Syd 5;186230;Vingåkersvägen Katrineholm;216610;Coop;Anna Fredberg;Katrineholm;;Jessica Carlsson;4284
Coop Östra;Coop;;16021;Vintertullen;Coop Vintertullen ;5003;97;559133-8974;x;Barnängs Tvärgränd 1;116 43;Stockholm;Vintertullen.bc@coop.se;Frida Nilsson;010-741 80 80;010-741 80 81;;Kerim Nielsen;Misak Yazdi;Nord 3;Michaela Andersson;VH Nord 3 ;016021;Vintertullen;;Coop Närhandel  ;Joakim Ytterström;Stockholm;My Jonsson;Elin Kronqvist;1031
Coop Östra;Coop ;;15900;Vällingby Centrum;Coop Vällingby Centrum;0005;01;556030-5921;;Pajalagatan 38;162 65;Vällingby;cevallingby.bc@coop.se;TF Piotr Kubacki;010-741 86 00;010-741 86 01;072 218 41 05;Kerim Nielsen;Misak Yazdi;Nord 4;Tf Kenneth Kyobe;VH Nord 4;015900;Vällingby Centrum;;Coop  ;Mikaela Norrman;Stockholm;Jenny Halldin;Elin Kronqvist;1020
Coop Östra;Coop;;56087;Värmlandsgatan;Coop Värmlandsgatan;5002;20;559496-5690;x;Värmlandsgatan 43;602 16;Norrköping;Varmlandsgatan.bc@coop.se;Johan Nyberg;010-741 49 90;010-741 49 91;070-374 36 38;Kerim Nielsen;Misak Yazdi;Syd 1;Simon Thell;VH Syd 1;056087;Värmlandsgatan;;Coop Närhandel;Marie Elg;Norrköping;;Josefine Wiberg Malmström;1158
Coop Östra;Coop ;;26809;Väsby Station;Coop Väsby Station;5003;50;556921-8893;x;Industrivägen 2;194 77;Upplands Väsby;vasbystation.bc@coop.se;Rickard Karlebrink; 010-741 68 13;010-741 68 13;;Kerim Nielsen;Misak Yazdi;Nord 5;Caroline Gudmundsson;VH Nord 5;026809;Väsby Station;;Coop Närhandel  ;Joakim Ytterström;Upplands Väsby;Jenny Halldin;Anna Rydmark;1105
Coop Östra;Coop Konsum;;15320;Västerhaninge;Coop Västerhaninge;0005;01;556030-5921;;Centrum;137 38;Västerhaninge;Vasterhaninge.bc@coop.se;Maja Perisic;010-741 78 10;010-741 78 11;;Kerim Nielsen;Misak Yazdi;Syd 4;Siri Karlsen;VH Syd 4;015320;Västerhaninge;;Coop  ;Joakim Ytterström;Haninge;Mikaela Norrman;Jessica Carlsson;1012
Coop Östra;Coop;;36923;Västertorg;Coop Västertorg;0005;01;556030-5921;;Västertorg;752 43;Uppsala;Vastertorg.bc@coop.se;Sandra Donvil;010-741 25 80;010-741 25 81;;Kerim Nielsen;Misak Yazdi;Nord 5;Caroline Gudmundsson;VH Nord 5;036923;Västertorg,   ;;Coop Närhandel;Mikaela Norrman;Uppsala;Jenny Halldin;Anna Rydmark;1138
Coop Östra;Coop ;;16031;Västertorp;Coop Västertorp;5003;88;559368-1462;x;Störtloppsvägen 17;129 47;Hägersten;Vastertorp.bc@coop.se;Andreas Schramm Rönnlund;010-741 74 40;010-741 74 41;;Kerim Nielsen;Misak Yazdi;Syd 3;Therese Eklund;VH Syd 3;016031;Västertorp;;Coop Närhandel;Joakim Ytterström;Stockholm;My Jonsson;Jessica Carlsson;1039
Coop Östra;Coop;;16151;Västra skogen;Coop Västra Skogen;5003;42;559198-3514;x;Johan Enbergs väg 16;171 61;Solna;VastraSkogen.bc@coop.se;Sara Jonasson;010-741 71 80;;;Kerim Nielsen;Misak Yazdi;Nord 4;Tf Kenneth Kyobe;VH Nord 4;016151;Västra skogen;;Coop Närhandel;Mikaela Norrman;Solna Stad;Jenny Halldin;Elin Kronqvist;1066
Coop Östra;Coop;;16137;Zinken;Coop Zinken;0005;01;556030-5921;;Hornsgatan 102;118 21;Stockholm;Zinken.bc@coop.se;Alexander Munkhtulga;010-741 81 80;010-741 81 99;076-126 20 90;Kerim Nielsen;Misak Yazdi;Nord 2;Tf Ismail Lalami;VH Nord 2 ;016137;Zinken;;Coop Närhandel;Michael Sandelin;Stockholm;Mikaela Norrman;Anna Rydmark;1062
Coop Östra;Coop;;55240;Åby  ;Coop Åby;5002;41;559306-2788;x;Nyköpingsvägen 18-22;616 30;Åby;Aby.bc@coop.se;Aladin Mulalic;010-741 47 40;010-741 47 41;072-709 83 96;Kerim Nielsen;Misak Yazdi;Syd 2;Alexander Schoug;VH Syd 2;055240;Åby  ;;Coop  ;Marie Elg;Norrköping;;Josefine Wiberg Malmström;1146
Coop Östra;Coop;;16071;Älta Gård;Coop Älta Gård;5003;37;556464-8763;x;Ältavägen 170;138 33;Älta;Alta.bc@coop.se;Göran Sandberg;010-741 74 20;010-741 74 21;;Kerim Nielsen;Misak Yazdi;Syd 4;Siri Karlsen;VH Syd 4;016071;Älta Gård;;Coop Närhandel;Joakim Ytterström;Nacka;Mikaela Norrman;Jessica Carlsson;1051
Coop Östra;Coop;;16125;Älvsjö  ;Coop Älvsjö;0005;01;556030-5921;;Älvsjö Torg 4  (Pendlarg. 4);125 31;Älvsjö;coopalvsjo.bc@coop.se;Jesper Nyholm;010-741 75 60;010-741 75 61;;Kerim Nielsen;Misak Yazdi;Syd 3;Therese Eklund;VH Syd 3;016125;Älvsjö  ;;Coop Närhandel;Joakim Ytterström;Stockholm;My Jonsson;Jessica Carlsson;1060
Coop Östra;Coop ;;186459;Ärla;Coop Ärla;5002;03;559236-3559;x;Stationsvägen 10;635 36;Ärla;Arla.bc@coop.se;Kent Cedenheim;010-741 45 60;010-741 45 61;072-709 84 68;Kerim Nielsen;Misak Yazdi;Syd 5;Per Wernqvist;VH Syd 5;186459;Ärla;;Coop Närhandel;Anna Fredberg;Eskilstuna;;Jessica Carlsson;1467
Coop Östra;Coop;;16056;Örnsberg  ;Coop Örnsberg;5003;07;556807-9312;x;Junkergatan 27;126 53;Hägersten;Ornsberg.bc@coop.se;Petra Barkman;010-741 51 60;010-741 51 61;076-858 81 20;Kerim Nielsen;Misak Yazdi;Nord 2;Tf Ismail Lalami;VH Nord 2 ;016056;Örnsberg  ;;Coop Närhandel;Mikaela Norrman;Stockholm;Mikaela Norrman;Anna Rydmark;1048
Coop Östra;Coop;;16255;Östgötagatan;Coop Östgötagatan;0005;01;556030-5921;;Östgötagatan 71;116 64;Stockholm;Ostgotagatan.bc@coop.se;Peter Rönnkvist;010-741 80 00;010-741 80 01;;Kerim Nielsen;Misak Yazdi;Nord 3;Michaela Andersson;VH Nord 3 ;016255;Östgötagatan;;Coop Närhandel;Michael Sandelin;Stockholm;My Jonsson;Elin Kronqvist;1081
Coop Östra;Coop;;182300;Östra Torget Torshälla;Coop Östra Torget Torshälla;5002;47;556766-8503;x;Brogatan 8, Box 102;644 22;Torshälla;Torshalla.bc@coop.se;Mikael Söderström;010-741 44 10;010-741 44 11;072-724 10 19;Kerim Nielsen;Misak Yazdi;Syd 5;Per Wernqvist;VH Syd 5;182300;Östra Torget Torshälla;;Coop;Anna Fredberg;Eskilstuna;;Jessica Carlsson;1452
Coop Östra;Online;;730113;E-handel Ingelsta;E-handel Ingelsta;0005;01;556030-5921;;Koppargatan 20;602 23;Norrköping;ingelsta.sc.kundflode@coop.se;"
Tf Filippa Lindahl";;;;Kerim Nielsen;Linda-Li Cederroth;Syd;;SH Syd;730113;E-handel Ingelsta;;;Marie Elg;Norrköping;;Elin Kronqvist;#SAKNAS!
Coop Östra;Restaurang;;253991;Sveaplan restaurang E-tuna ;Eskilstuna restaurang;0005;01;556030-5921;;Lundbladsvägen 6, Box 6044;630 66;Eskilstuna;sveaplan.restaurangchef@coop.se;Marina Horacek;010-741 46 78;010-741 46 75;070-643 29 23;Kerim Nielsen;Misak Yazdi;Syd 5;Per Wernqvist;VH Syd 5;253991;Eskilstuna;;;Anna Fredberg;Eskilstuna;;Jessica Carlsson;#SAKNAS!
Coop Östra;Coop;;185091;Flen;Coop Flen;0005;01;556030-5921;;Götgatan 1;624 37;Flen;Flen.bc@coop.se;Tf David Östman;010-746 29 00;010-746 29 01;;Kerim Nielsen;Misak Yazdi;Syd 5;Per Wernqvist;VH Syd 5;185091;Flen;;Coop;Anna Fredberg;Flen;;Jessica Carlsson;1785
Coop Östra;Coop;;185040;Katrineholm;Coop Katrineholm;0005;01;556030-5921;;Österleden 1;641 49;Katrineholm;osterleden.bc@coop.se;David Östman;010-746 29 20;010-746 29 21;076-313 23 54;Kerim Nielsen;Misak Yazdi;Syd 5;Per Wernqvist;VH Syd 5;185040;Katrineholm;;Coop;Anna Fredberg;Katrineholm;My Jonsson;Jessica Carlsson;1786
Coop Östra;Online;;730111;Online Boländerna;Online Boländerna;0005;01;556030-5921;;Rapsgatan 1;753 23;Uppsala;bolanderna.scehandel@coop.se;Rebecca Karlsson;;;;Kerim Nielsen;Niclas Ahlund;Norr  ;;SH Norr;730111;Online Boländerna;;;;Uppsala;Jenny Halldin;Josefine Wiberg Malmström;#SAKNAS!
Coop Östra;Online ;;730118;Online Häggvik;Online Häggvik;0005;01;556030-5921;;Norra Malmvägen 82;191 62;Sollentuna;cfhaggviksmc@coop.se ;Tf Moussa Fekari;;;;Kerim Nielsen;Niclas Ahlund;Norr  ;;SH Norr;730118;Online Häggvik;;;Michael Sandelin;Sollentuna;My Jonsson;Anna Rydmark;#SAKNAS!
Coop Östra;Online ;;730119;Online Vinsta;Online Vinsta;0005;01;556030-5921;;Siktgatan 11;162 50;Vällingby;vinsta.smc@coop.se;Dennis Bryngelsson;;;;Kerim Nielsen;Niclas Ahlund;Norr  ;;SH Norr;730119;Online Vinsta;;;;Stockholm;Mikaela Norrman;Elin Kronqvist;#SAKNAS!
Coop Östra;Online;;730112;Online Värmdö;Online Värmdö;0005;01;556030-5921;;Gustavsbergsvägen 34;134 45;Gustavsberg;cfvarmdosmc@coop.se;Fredrik Hedenberg;;;;Kerim Nielsen;Linda-Li Cederroth;Syd;;SH Syd;730112;Online Värmdö;;;;Värmdö;My Jonsson;Elin Kronqvist;#SAKNAS!
Coop Östra;Stora Coop;;15470;Arninge;Stora Coop Arninge;0005;01;556030-5921;;Saluvägen 10;187 66;Täby;arninge.bc@coop.se;Johan Beckman ;010-741 85 00;010-741 85 01;073-625 03 45;Kerim Nielsen;Niclas Ahlund;Norr  ;;SH Norr;015470;Arninge;;;Michael Sandelin;Täby;Mikaela Norrman;Jessica Carlsson;1696
Coop Östra;Stora Coop;;15480;Barkarby ;Stora Coop Barkarby;0005;01;556030-5921;;Droskvägen 2;177 45;Järfälla;storacoopbarkarby.bc@coop.se;Bero Antunovic;;010-747 08 31;076-579 02 05;Kerim Nielsen;Niclas Ahlund;Norr  ;;SH Norr;015480;Barkarby ;;;Mikaela Norrman;Järfälla;;Jessica Carlsson;1832
Coop Östra;Stora Coop;;252700;Bromma;Stora Coop Bromma;0005;01;556030-5921;;Box 11064,  Ulvsundavägen 189;161 11;Bromma;bromma.smc@coop.se;Mikael Svensson;010-741 69 00;010-741 69 01;;Kerim Nielsen;Niclas Ahlund;Norr  ;;SH Norr;252700;Bromma;;Stora Coop;Michael Sandelin;Stockholm;Mikaela Norrman;Jessica Carlsson;1664
Coop Östra;Stora Coop;;15700;Danderyd;Stora Coop Danderyd;0005;01;556030-5921;;Sunnanängsvägen 2 A;182 36;Danderyd;danderyd.bc@coop.se;Johan Karlsson;010-741 90 00;010-741 90 01;076 770 08 06;Kerim Nielsen;Niclas Ahlund;Norr  ;;SH Norr;015700;Danderyd;;Stora Coop;Michael Sandelin;Danderyd;Mikaela Norrman;Jessica Carlsson;1018
Coop Östra;Stora Coop;;254900;Enköping;Stora Coop Enköping;0005;01;556030-5921;;Box 164, Ö Ringgatan 21;745 23;Enköping;cfenkopingsmc@coop.se;Magnus Engblom;010-741 26 00;010-741 26 01;073-655 72 95;Kerim Nielsen;Niclas Ahlund;Norr  ;;SH Norr;254900;Enköping;;Stora Coop;Anna Fredberg;Enköping;Mikaela Norrman;Jessica Carlsson;1670
Coop Östra;Stora Coop;;253000;Eskilstuna  ;Stora Coop Eskilstuna;0005;01;556030-5921;;Albertina Nyströms väg 2;632 22;Eskilstuna;cfeskilstunasmc@coop.se;Rickard Karlsson;010-741 46 20;010-741 46 21;070-644 61 74;Kerim Nielsen;Linda-Li Cederroth;Syd;;SH Syd;253000;Eskilstuna  ;;Stora Coop;Anna Fredberg;Eskilstuna;;Josefine Wiberg Malmström;1665
Coop Östra;Stora Coop;;56010;Garnisonen Linköping ;Stora Coop Garnisonen Linköping;0005;01;556030-5921;;Garnisonsvägen 50;587 58;Linköping;Linkoping.bc@coop.se;Michael Engback;010-741 89 50;010-741 89 51;072-537 91 00;Kerim Nielsen;Linda-Li Cederroth;Syd;;SH Syd;056010;Garnisonen Linköping ;;Stora Coop;Marie Elg;Linköping;My Jonsson;Elin Kronqvist;1151
Coop Östra;Stora Coop;;250400;Haninge;Stora Coop Haninge;0005;01;556030-5921;;Nynäsvägen 21;136 47;Haninge;cfhandensmc@coop.se;Anders Westny;010-741 70 00;010-741 70 01;072-722 73 68;Kerim Nielsen;Linda-Li Cederroth;Syd;;SH Syd;250400;Haninge;;Stora Coop;Marie Elg;Haninge;My Jonsson;Elin Kronqvist;1655
Coop Östra;Stora Coop;;15350;Huddinge;Stora Coop Huddinge;0005;01;556030-5921;;Forelltorget 6, Box 139;141 28;Huddinge;Huddinge.bc@coop.se;Helene Sandberg;010-741 76 40;010-741 76 41;;Kerim Nielsen;Linda-Li Cederroth;Syd;;SH Syd;015350;Huddinge;;Stora Coop;Marie Elg;Huddinge;My Jonsson;Elin Kronqvist;1014
Coop Östra;Stora Coop;;255700;Häggvik;Stora Coop Häggvik;0005;01;556030-5921;;Norra Malmvägen 82;191 62;Sollentuna;cfhaggviksmc@coop.se ;Tf Moussa Fekari;010-741 84 00;010-741 84 01;;Kerim Nielsen;Niclas Ahlund;Norr  ;;SH Norr;255700;Häggvik;;Stora Coop;Michael Sandelin;Sollentuna;My Jonsson;Anna Rydmark;1674
Coop Östra;Stora Coop;;55030;Ingelsta;Stora Coop Ingelsta;0005;01;556030-5921;;Koppargatan 20;602 23;Norrköping;ingelsta.bc@coop.se;Johanna Törnqvist;010-743 33 40;010-743 33 41;;Kerim Nielsen;Linda-Li Cederroth;Syd;;SH Syd;055030;Ingelsta;;Stora Coop;Marie Elg;Norrköping;;Elin Kronqvist;1831
Coop Östra;Stora Coop;;26810;Kungsängen;Stora Coop Kungsängen;0005;01;556030-5921;;Femstenavägen 20 ;196 36;Kungsängen;StoraCoopKungsangen.bc@coop.se;Olivia Spåre;010-741 66 60;010-741 66 51 ;;Kerim Nielsen;Niclas Ahlund;Norr  ;;SH Norr;026810;Kungsängen;;Stora Coop;Michael Sandelin;Upplands Bro;Mikaela Norrman;Jessica Carlsson;1106
Coop Östra;Stora Coop;;26000;Märsta ;Stora Coop Märsta;0005;01;556030-5921;;Västra Bangatan 2;195 40;Märsta;butikschef.marsta@coop.se;Miran Atta;010-741 87 30;010-741 87 31;;Kerim Nielsen;Niclas Ahlund;Norr  ;;SH Norr;026000;Märsta ;;Stora Coop;Michael Sandelin;Sigtuna;Mikaela Norrman;Anna Rydmark;1096
Coop Östra;Stora Coop;;36968;Norrteljeporten;Stora Coop Norrteljeporten;0005;01;556030-5921;;Astrid Lindgrens g 9;761 46 ;Norrtälje;norrtelje.bc@coop.se;Peter Almgren;010-741 99 00;010-741 99 01;;Kerim Nielsen;Niclas Ahlund;Norr  ;;SH Norr;036968;Norrteljeporten;;Stora Coop;Michael Sandelin;Norrtälje;Mikaela Norrman;Anna Rydmark;1142
Coop Östra;Stora Coop;;254700;Nyköping ;Stora Coop Nyköping;0005;01;556030-5921;;Gustavsbergsstigen 4;611 65;Nyköping;cfnykopingsmc@coop.se;Robin Engstrand;010-741 47 80;010-741 47 81;072–709 81 80;Kerim Nielsen;Linda-Li Cederroth;Syd;;SH Syd;254700;Nyköping ;;Stora Coop;Marie Elg;Nyköping;;Elin Kronqvist;1668
Coop Östra;Stora Coop;;16141;Orminge;Stora Coop Orminge;0005;01;556030-5921;;Ormingeplan 3;132 30;Saltsjö Boo;Orminge.bc@coop.se;Mikael Pettersson ;010-741  94 76;010-743 60 16;;Kerim Nielsen;Linda-Li Cederroth;Syd;;SH Syd;016141;Orminge;;Stora Coop;Marie Elg;Värmdö;My Jonsson;Josefine Wiberg Malmström;1064
Coop Östra;Stora Coop;;56095;Risängen;Stora Coop Risängen;0005;01;556030-5921;;Fjärilsgatan 21;603 61;Norrköping;Risangen.bc@coop.se;Linus Hjelm;010-741 51 70;010-741 51 72;;Kerim Nielsen;Linda-Li Cederroth;Syd;;SH Syd;056095;Risängen;;Stora Coop;Marie Elg;Norrköping;;Josefine Wiberg Malmström;1160
Coop Östra;Stora Coop;;26010;Rotebro;Stora Coop Rotebro;0005;01;556030-5921;;Konsumentvägen 1;192 68;Sollentuna;rotebro.bc@coop.se;Saman Tavakoli;010-741 68 50;010-741 68 51;;Kerim Nielsen;Niclas Ahlund;Norr  ;;SH Norr;026010;Rotebro;;Stora Coop;Michael Sandelin;Sollentuna;Mikaela Norrman;Anna Rydmark;1097
Coop Östra;Stora Coop;;16170;Spånga;Stora Coop Spånga;0005;01;556030-5921;;Bromstensvägen 166B;163 55;Spånga;spanga.bc@coop.se;Johan Svensson;010-747 12 50;010-747 12 51;072-406 72 51;Kerim Nielsen;Niclas Ahlund;Norr  ;;SH Norr;016170;Spånga;;;Michael Sandelin;Stockholm;;Anna Rydmark;1828
Coop Östra;Stora Coop;;257400;Strängnäs;Stora Coop Strängnäs;0005;01;556030-5921;;Solberga Handelsväg 17;641 47;Strängnäs;cfstrangnassmc@coop.se;Petri Salmela;010-741 91 00;010-741 91 01;070-218 32 38;Kerim Nielsen;Linda-Li Cederroth;Syd;;SH Syd;257400;Strängnäs;;Stora Coop;Anna Fredberg;Strängnäs;My Jonsson;Josefine Wiberg Malmström;1680
Coop Östra;Stora Coop;;15220;Stuvsta;Stora Coop Stuvsta;0005;01;556030-5921;;Ågestavägen 1;141 37;Huddinge;Stuvsta.bc@coop.se;Bojan Mezner ;010-741 95 60;010-741 95 61;072-527 69 00;Kerim Nielsen;Linda-Li Cederroth;Syd;;SH Syd;015220;Stuvsta;;Stora Coop;Marie Elg;Huddinge;My Jonsson;Josefine Wiberg Malmström;1008
Coop Östra;Stora Coop;;15810;Sundby Park;Stora Coop Sundby park;0005;01;556030-5921;;Gesällvägen 37 (Ö Madenvägen 8);174 52 ;Sundbyberg;sundbypark.bc@coop.se;Tf Kelhy Matteo Bueno;010-741 16 50;010-741 16 51; ;Kerim Nielsen;Niclas Ahlund;Norr  ;;SH Norr;015810;Sundby Park;;Stora Coop;Michael Sandelin;Sundbyberg;Mikaela Norrman;Anna Rydmark;1019
Coop Östra;Stora Coop;;250800;Södertälje;Stora Coop Södertällje;0005;01;556030-5921;;Genetaleden 7;151 59;Södertälje;cfsodertaljesmc@coop.se;Dennis Jonsson;010-741 73 50;010-741 73 51;070-643 29 45;Kerim Nielsen;Linda-Li Cederroth;Syd;;SH Syd;250800;Södertälje;;Stora Coop;Marie Elg;Södertälje;My Jonsson;Josefine Wiberg Malmström;1656
Coop Östra;Stora Coop;;15430;Tumba;Stora Coop Tumba;0005;01;556030-5921;;Bryggarevägen 9;147 30;Tumba;tumba.bc@coop.se;Kim Andersson;;010-745 04 21;070-257 46 69;Kerim Nielsen;Linda-Li Cederroth;Syd;;SH Syd;015430;Tumba;;Stora Coop;Marie Elg;Botkyrka;My Jonsson;Josefine Wiberg Malmström;1017
Coop Östra;Stora Coop;;251300;Uppsala, Boländerna;Stora Coop Uppsala Boländerna;0005;01;556030-5921;;Rapsgatan 1;753 23;Uppsala;bolanderna.bc@coop.se;Simon Sundblad;010-741 28 20;010-741 28 21;070-792 50 22;Kerim Nielsen;Niclas Ahlund;Norr  ;;SH Norr;251300;Uppsala, Boländerna;;Stora Coop;Michael Sandelin;Uppsala;Jenny Halldin;Josefine Wiberg Malmström;1658
Coop Östra;Stora Coop ;;30500;Vinsta;Stora Coop Vinsta;0005;01;556030-5921;;Siktgatan 11;162 50;Vällingby;vinsta.smc@coop.se;Dennis Bryngelsson;010-741 94 00;010-741 94 01;;Kerim Nielsen;Niclas Ahlund;Norr  ;;SH Norr;030500;Vinsta;;Stora Coop;Michael Sandelin;Stockholm;Mikaela Norrman;Elin Kronqvist;1120
Coop Östra;Stora Coop ;;255400;Värmdö;Stora Coop Värmdö;0005;01;556030-5921;;Gustavsbergsvägen 34;134 45;Gustavsberg;cfvarmdosmc@coop.se;Fredrik Hedenberg;010-741 72 00;010-741 94 51;073-662 70 06;Kerim Nielsen;Linda-Li Cederroth;Syd;;SH Syd;255400;Värmdö;;Stora Coop;Michael Sandelin;Värmdö;My Jonsson;Elin Kronqvist;1672
Coop Östra;Stora Coop;;256600;Västberga;Stora Coop Västberga;0005;01;556030-5921;;Västbergavägen 4;126 30;Hägersten;cfvastbergasmc@coop.se;Pontus Estenthal;010-741 95 20;010-741 95 21;070-620 24 40;Kerim Nielsen;Linda-Li Cederroth;Syd;;SH Syd;256600;Västberga;;Stora Coop;Marie Elg;Stockholm;My Jonsson;Elin Kronqvist;1678
Coop Östra;Stora Coop;;15400;Åkersberga;Stora Coop åkersberga;0005;01;556030-5921;;Pilstugegränd 1-5;184 92;Åkersberga;akersberga.bc@coop.se;Susanne Rikner;010-741 83 00;010-741 83 01;;Kerim Nielsen;Niclas Ahlund;Norr  ;;SH Norr;015400;Åkersberga;;Stora Coop;Michael Sandelin;Österåker;Mikaela Norrman;Anna Rydmark;1015
Coop Östra;X:tra;;16788;Akalla;X:-tra Akalla;0005;01;556030-5921;;Sibeliusgången 19D;164 72;Kista;xtra.akalla.bc@coop.se ;Tf Mariela Rivera;010-746 29 69?;010-746 29 61;;Kerim Nielsen;Misak Yazdi;Nord 4;Tf Kenneth Kyobe;VH Nord 4;016788;Akalla;;;Mikaela Norrman;Stockholm;Jenny Halldin;Elin Kronqvist;1829
Coop Östra;X:tra;;56217;Ljura;X:-tra Ljura;0005;01;556030-5921;;Albrektsvägen 79-81;603 50;Norrköping;xtraljura.bc@coop.se;Arvid Kvarnström;010-746 43 10;010-746 43 11;076-798 23 66;Kerim Nielsen;Misak Yazdi;Syd 1;Simon Thell;VH Syd 1;056217;Ljura;216590;Coop  Prisvärt;Marie Elg;Norrköping;;Josefine Wiberg Malmström;4220
Coop Östra;X:tra;;56219;Motala;X:-tra Motala;0005;01;556030-5921;;Östermalmsgatan 98;591 60;Motala;xtramotala.bc@coop.se;Malin Johansson;010-746 43 50;;076-798 23 54;Kerim Nielsen;Misak Yazdi;Syd 2;Alexander Schoug;VH Syd 2;056219;Östermalmsgatan Motala;216594;Coop;Anna Fredberg;Motala;;Josefine Wiberg Malmström;4183
Coop Östra;Coop;;16195;Träkvista;Coop Träkvista;0005;01;556030-5921;;Träkvista Torg 7;17837;Ekerö;;Ralph Flander;;;;Kerim Nielsen;Misak Yazdi;Nord 4;Tf Kenneth Kyobe;VH Nord 4;016195;Träkvista;;Coop;Mikaela Norrman;Ekerö;Jenny Halldin;Elin Kronqvist;1767
